manuscriptID,cluster,betweenness,scaled_betweenness,eigen,scaled_eigen,interaction_score,residuals,keystatus
MISHRA2006,1,1023.5,0.7114195804195804,0.2591694041044896,0.25014103432232826,0.1797527572558693,-0.2682143376910955,Hub
KAY2006,1,379.5,0.2700769230769231,0.3672663838074154,0.3595553725556656,0.09808849363193023,0.10001349815155915,Hub
ERTMER1999,1,379.5,0.2700769230769231,0.3672663838074152,0.35955537255566544,0.09808849363193019,0.10001349815155898,Hub
VYGOTSKY1978,1,221.5,0.1617972027972028,0.16959628654847714,0.15947630522608355,0.026063454644457834,-0.03383567477496119,Hub
MISHRA2006,2,15098.791555486832,0.99,1,1,1,-0.26284725634989603,Hub
NIESS2005,2,4873.92027193431,0.32634597040051766,0.713509041883351,0.7119614902263337,0.23469269031890053,0.2537589337867593,Hub
SCHMIDT2009,2,3686.921705113539,0.24930281160138631,0.5170463295293464,0.5144375360165854,0.1295461859820446,0.1505272399520721,Hub
ISTE2008,2,2835.8489701218514,0.19406320668156324,0.35666098146303155,0.35318582688675565,0.06923270113143765,0.056988120798918865,Hub
ERTMER2005,2,1780.6891646166603,0.12557715562277397,0.33914178184046845,0.335571992981199,0.04256583473257014,0.12234486232544685,Hub
TONDEUR2012,2,1171.4339665089988,0.08603292508277847,0.4088105628364924,0.40561710710194543,0.035248915341005056,0.2398666772218415,Hub
SANDHOLT1997,2,1412.7436410226628,0.10169533622040716,0.22178631539141191,0.21758260200008334,0.022350642288999505,0.0338891240505959,Hub
KOEHLER2007,2,487.83315308057627,0.04166322869363899,0.3573829559378214,0.35391170128495714,0.01489404459392931,0.24213146884667164,Hub
KAY2006,2,889.1755615447984,0.06771270151731067,0.2158926636391735,0.211657114232513,0.014476641414183313,0.06911834024306207,Hub
SHULMAN1986,2,545.0760273012944,0.045378626480948536,0.2610936278015617,0.2571022425648566,0.01178479457855036,0.1413460851836857,Hub
JANGCHEN2010,2,553.1898149607899,0.04590525881950917,0.2577596202000016,0.25375022549792897,0.011766131087869945,0.13737479232442698,Hub
NRC2012,2,983.9721775358101,0.07386555708391605,0.15988421861976673,0.15534612576647694,0.011590634465221118,0.005664237488197304,Hub
NRC1996,2,854.437526239092,0.06545799957811997,0.152271974158117,0.14769276188658206,0.009765326005316426,0.008226097538133833,Hub
LEI2009,2,771.9249951271551,0.06010245306351741,0.15840152106262262,0.15385541905233707,0.009340493032485749,0.02083646719272647,Hub
POLLY2011,2,548.8302518583648,0.04562229764180988,0.20415998348522613,0.19986105710941848,0.009210222863083487,0.08411757094164886,Hub
POLLY2010,2,267.0270890949195,0.0273316219613566,0.288123831772111,0.2842784568570549,0.007848274055126107,0.1902152251325875,Hub
ERTMER2010,2,611.15807267659,0.0496677382439529,0.15311855794157303,0.14854391870140182,0.007452364112921461,0.02818070038281231,Hub
ANDERSON2007,2,1034.825941723549,0.07716626421142611,0.09757077844961527,0.09269608416141911,0.007225263153297635,-0.06064343516318003,Hub
ANGELIVA2005,2,245.51362007730287,0.025935271825666247,0.2162235558742243,0.21198979386368272,0.005553548412244006,0.12000469232661393,Hub
SANGVALC2010,2,255.8997965207277,0.02660939550484623,0.20904975699071796,0.20477724393399238,0.005504039064880784,0.11201512682349377,Hub
MISHRA2009,2,189.2278531207117,0.022281995905222507,0.2406652537841781,0.23656351964058744,0.00532435088480464,0.14886727121164672,Hub
GRAHAMBU2009,2,261.1316718112867,0.0269489748523659,0.1893430162039166,0.18496405232040225,0.005034941004620415,0.09189745625485508,Hub
KOEHLER2009,2,376.12813747085244,0.03441291896552382,0.13472082105063604,0.13004680189146808,0.004520495005269314,0.028243036531768587,Hub
POLLYMIM2010,2,284.87311355474094,0.02848993346637698,0.15524771247859495,0.15068457439243388,0.004336357069545226,0.05593741666823607,Hub
MILESHUB1994,2,236.12749008915492,0.0253260570183367,0.1723163649517019,0.16784542740684746,0.004293800873507992,0.07683472087782142,Hub
MCCRORY2008,2,210.93705928459218,0.023691050528065596,0.16506705358215623,0.16055695709177722,0.0038421848314078326,0.07156395403772704,Hub
KOEHLER2008,2,254.50836981402261,0.026519083762508444,0.14531901467060598,0.1407022442714191,0.003768984445865341,0.04839367202291817,Hub
CHAIKOHT2010,2,175.95604151107705,0.021420577603655486,0.17363570054367689,0.16917188971582234,0.0036603632242573937,0.0828801324681375,Hub
KIMHANNA2007,2,180.82304100385315,0.02173647437495619,0.15955160650766145,0.1550117169679121,0.0034034426400919022,0.06841376727145854,Hub
WILLIAMS2004,2,180.82304100385315,0.02173647437495619,0.15955160650766145,0.1550117169679121,0.0034034426400919022,0.06841376727145854,Hub
ERTMER1999,2,159.9071320751014,0.02037890938872204,0.16356250815256793,0.15904428448851501,0.0032738879418036143,0.07406747754915693,Hub
NIESS2011,2,185.65538264811516,0.022050121648910098,0.15121120005321628,0.14662625774840368,0.0032657846669462104,0.05969381180497493,Hub
FOULGER2012,2,242.59518092176612,0.02574584803225103,0.12751306924379827,0.1228001156333465,0.003193528399433326,0.03152343011360745,Hub
NIESS2008,2,94.3059094353894,0.016121005837258326,0.1786460719474988,0.17420932587805485,0.002836797534732283,0.09430359078582301,Hub
KALANTZI2008,2,265.53821694594035,0.027234985439113242,0.10458336518949483,0.09974655112027878,0.002744036229659149,0.006791699775322731,Hub
CCSSI2010,2,115.96052629453925,0.017526517294514987,0.1537829144147926,0.14921186386016924,0.0026415801136283556,0.06773960391611816,Hub
LAWLESSP2007,2,317.3256821470078,0.030596295230730514,0.08887604952925524,0.08395438851569896,0.002594639653476542,-0.012983184508997807,Hub
HARRIS2009,2,100.1297628925514,0.016499008034788147,0.16017158379855,0.15563504321923605,0.0025937614429987635,0.07537167681961084,Hub
OTTENBRE2010,2,71.25828403583229,0.014625079967392398,0.1666127077172115,0.16211096045933046,0.002394834101321712,0.0840804676548216,Hub
THOMPSON2007,2,65.99984413023395,0.014283776420777522,0.1666351198746469,0.16213349368156876,0.0023392712869364377,0.08451589607185926,Hub
HARRISMI2009,2,279.48886441261357,0.028140464163493112,0.08557889337848021,0.08063942196176804,0.002292152286747407,-0.013308504674868922,Hub
JONASSEN2008,2,49.052669379086716,0.013183805526081057,0.17313062487300404,0.16866408575418979,0.002246095460421714,0.09234249144154359,Hub
SHULMAN1987,2,49.052669379086716,0.013183805526081057,0.17313062487300407,0.1686640857541898,0.002246095460421714,0.09234249144154362,Hub
KOEHLER2005,2,49.052669379086716,0.013183805526081057,0.173130624873004,0.16866408575418976,0.0022460954604217134,0.09234249144154356,Hub
POLLYMCG2010,2,54.217025394064244,0.013519002477180022,0.1577043568139182,0.1531544888987839,0.0020914100149635353,0.07651059680064788,Hub
POLLY2014,2,12.149501992590418,0.010788573834467689,0.19074783606317447,0.1863764606610394,0.0020310466735842287,0.11285820645320296,Hub
COXGRAHA2009,2,45.45973497978134,0.012950603041075578,0.14849254615203575,0.14389291836682513,0.0018823232991824702,0.06798661435323397,Hub
ABBITT2011,2,87.22339955306646,0.015661309466249468,0.11874831187081501,0.1139880132590233,0.0018032338899924359,0.03496211580371238,Hub
HUTCHISO2011,2,107.15688999856324,0.01695510973925794,0.10820046887531672,0.10338319348487571,0.0017705791825565697,0.022848626758736296,Hub
HEWBRUSH2007,2,58.88621501402145,0.013822060229235367,0.13142307668603265,0.12673124394632654,0.0017693806936889347,0.049862582191275664,Hub
NSTA2003,2,58.88621501402145,0.013822060229235367,0.13142307668603265,0.12673124394632654,0.0017693806936889347,0.049862582191275664,Hub
MERRILL2007,2,28.250059862895014,0.011833594335274897,0.1525903266945293,0.14801283408283453,0.00176921599489961,0.0734361029637762,Hub
YOONHOHE2006,2,28.250059862895014,0.011833594335274897,0.15259032669452918,0.14801283408283442,0.0017692159948996086,0.07343610296377609,Hub
LEELINNV2010,2,111.89302740112608,0.01726251279449284,0.10516929350547251,0.10033564447274572,0.0017495407539944018,0.019445458594434875,Hub
GRAHAMCU2004,2,36.0357378281343,0.012338930433060936,0.14199704115367853,0.13736232629420403,0.0017120244325935358,0.062231303048054035,Hub
MISHRA2007,2,111.61705420488117,0.017244600517783402,0.10051982020675354,0.09566105589585186,0.0016662996909427414,0.01481766119566148,Hub
JANG2010,2,129.43272555622133,0.018400941928296395,0.09013280004189393,0.0852179276765766,0.001583929432753988,0.003031335899255185,Hub
IRA2009,2,158.6991799648873,0.020300506222239514,0.07851968529614786,0.07354208182376155,0.0015080217067269888,-0.010880468524168544,Hub
HARRISGR2010,2,38.2164394775426,0.012480470741672158,0.12428646356890254,0.11955608065111224,0.0015071880470254578,0.04434944552954937,Hub
ANGELIVA2009,2,38.2164394775426,0.012480470741672158,0.1242864635689025,0.1195560806511122,0.0015071880470254573,0.04434944552954933,Hub
AGYEI2011,2,63.464333257946144,0.014119206915614768,0.11042682156693734,0.10562157237034088,0.001506356399039821,0.028506745655050653,Hub
DRENT2008,2,63.464333257946144,0.014119206915614768,0.11042682156693732,0.10562157237034087,0.0015063563990398209,0.02850674565505517,Hub
FLICKBEL2000,2,59.25769391000887,0.013846171385199724,0.10863224765880765,0.10381730462809012,0.0014519921137677012,0.027042575912452044,Hub
NRC2000,2,59.25769391000887,0.013846171385199724,0.10863224765880765,0.10381730462809012,0.0014519921137677012,0.027042575912452044,Hub
GUZEYROE2009,2,59.25769391000887,0.013846171385199724,0.10863224765880763,0.1038173046280901,0.001451992113767701,0.02704257591245203,Hub
KEATINGE2001,2,48.973447305307026,0.013178663549518313,0.11007547157424977,0.1052683244739046,0.0014013089198617304,0.029293560521513398,Hub
NIESS2007,2,72.3388291600737,0.014695213674309609,0.09817179843647335,0.09330035070615349,0.001384917767186817,0.015554688581225207,Hub
BELL2013,2,36.66542963460524,0.012379801119173379,0.11254035032122625,0.10774651787211584,0.0013473540025659132,0.03272515401901118,Hub
POLLY2012,2,41.68393041643593,0.012705531211420852,0.10962607004769535,0.10481649539402825,0.001345201266364218,0.029416703143755617,Hub
GOKTASYI2009,2,38.301449315071665,0.012485988377999035,0.11084174329837808,0.10603873540397574,0.0013373721392644,0.03089804828909543,Hub
GRONSETH2010,2,83.41556378172709,0.01541415862360097,0.09072416447854419,0.08581248651426435,0.001336088160622717,0.007237049149396543,Hub
MOERSCH2010,2,12.149501992590418,0.010788573834467689,0.12421469701669963,0.11948392643415541,0.0013020819821888802,0.04632506740672812,Hub
WANGERTM2004,2,44.6028676632003,0.012894987333873882,0.10332204381172914,0.09847841640361742,0.001282704982004651,0.02288341336854293,Hub
ISTE2007,2,35.3200600104274,0.012292478751230948,0.10678499796506431,0.10196007655896186,0.0012660020955302215,0.027075471698056613,Hub
THOMAS2013,2,121.13010341807671,0.017862053126137596,0.07496844542960406,0.06997165905812709,0.0012624621125457102,-0.01148090173500541,Hub
DOERINGH2003,2,67.03206849455731,0.014350773827379199,0.08334478991980986,0.07839325044157093,0.0011363674814950293,0.001144491605631619,Hub
AGYEIVOO2011,2,76.90729515673347,0.014991733873311867,0.07483125634913751,0.06983372891696461,0.0010575037164688252,-0.008144676801980522,Hub
NIESSRON2009,2,12.804837614053511,0.010831108954359483,0.10084454932606413,0.09598753911968977,0.0010501530247133363,0.02290344736459296,Hub
HARRISHO2009,2,43.63493318283122,0.012832162717262958,0.08420040265287337,0.0792534849780991,0.0010272662779284073,0.003837797168762282,Hub
DARLINGHAMMOND2005,2,19.908575694093592,0.0112921831597259,0.08811596229882852,0.08319019548639937,9.488878025513379e-4,0.009616907905897856,Hub
CULLENGR2011,2,38.86770314956783,0.012522741568197531,0.07988183576647463,0.07491159028622643,9.475742278960709e-4,-1.0633479922923472e-4,Hub
KOH2011,2,44.06769997713206,0.012860251816768455,0.07708197418389295,0.07209660455990204,9.365459492669868e-4,-0.0033146223176816867,Hub
DARLINGHAMMOND2002,2,33.524088809104015,0.012175909701924661,0.08096199292823424,0.07599758218363183,9.346865638712117e-4,0.001393528520112523,Hub
DEWEY1933,2,33.524088809104015,0.012175909701924661,0.08096199292823421,0.0759975821836318,9.346865638712113e-4,0.0013935285201124952,Hub
NIESSSAD2007,2,34.505806827367024,0.012239628950869993,0.07693862593038789,0.0719524819754069,8.895673550233755e-4,-0.0027069460440778724,Hub
MISHRA2006,3,11916.95283532327,0.9507202460317282,0.5483508074101828,0.5476995787329876,0.5259687659035353,-0.11855074869563964,Hub
SCHMIDT2009,3,5278.594656553415,0.42669048561607326,0.478403276611419,0.4776511912545207,0.2058678977287751,0.15436093360425032,Hub
ERTMER2010,3,4986.88475001396,0.40366300377220093,0.28274553681021597,0.28171133441831725,0.11486509439189187,-0.026230516262634476,Hub
ABBITT2011,3,2201.212876862692,0.18376300365581733,0.32688447736744725,0.3259139184943315,0.060495879389652105,0.16178334647553338,Hub
SHULMAN1986,3,1653.232211798716,0.1405055943849154,0.28785876224437223,0.2868319325636182,0.04070857694285368,0.15105984321833388,Hub
BANDURA1977,3,1540.7526877137939,0.13162649860994002,0.17648555916248287,0.17529814151897366,0.023306950081790158,0.0454960044519768,Hub
LEI2009,3,2336.1184262666334,0.19441240232173715,0.09755054744047792,0.0962493141539619,0.01890107109746597,-0.07451821148018566,Hub
GRAHAM2011,3,924.6976816006559,0.08299532376782628,0.21451702367480707,0.2133844432384323,0.017888798943021252,0.11534559762402598,Hub
KAY2006,3,1220.650854970457,0.1063577676671654,0.16462350910620588,0.16341898768548702,0.017556443156218578,0.05016663605135505,Hub
ERTMER2005,3,1528.0976885126156,0.13062751723218577,0.13308925266611557,0.13183926230081594,0.01739579344250353,0.0027533058133108507,Hub
KOEHLER2005,3,741.1639862347636,0.06850723562603657,0.25102418544623994,0.24994424433936835,0.017295948727604815,0.16133194335565587,Hub
KOEHLER2008,3,1080.9725061589963,0.09533160582235699,0.173533818557843,0.17234214482761664,0.01659560951241001,0.06629108000293132,Hub
ANDERSON2007,3,1375.9315715078403,0.11861557516910032,0.12319370767930962,0.12192944902176545,0.014608819925018387,7.168660045570455e-4,Hub
CULLENGR2011,3,665.1182379345111,0.06250420984929321,0.22642233260694258,0.22530691832233934,0.014224879700320266,0.14065771610081507,Hub
NIESS2005,3,785.3061013458747,0.07199179933636687,0.166102897317515,0.16490050901259423,0.011991398338686303,0.07413079468853645,Hub
KOEHLER2009,3,608.0728811745881,0.05800106858594133,0.19336590898857925,0.19220283096101135,0.011260575334324957,0.11054758215271829,Hub
SHULMAN1987,3,444.0088854431634,0.04504991198054326,0.2399463005528572,0.23885038634906966,0.010868877658125596,0.16560158284736723,Hub
CHEN2010,3,972.6356806940336,0.08677953328216793,0.1159414768534063,0.11466676127317754,0.010051240430569814,0.014294139710746591,Hub
HAIRBLAC2010,3,383.31631282418545,0.040258860724790374,0.18193037999768832,0.18075081318958025,0.007350325064739308,0.1107203240758341,Hub
PAJARES1992,3,627.7628157531562,0.05955538539469765,0.1167674132825453,0.11549388861220194,0.006947760653567646,0.03293213687967213,Hub
NIESS2011,3,455.5351738278443,0.04595979330632393,0.1373777742386796,0.13613396745186665,0.006319887884906688,0.06243774455105549,Hub
TONDEUR2012,3,347.5871883097093,0.037438415660668876,0.1531112998325947,0.15189017906676494,0.005743967331994922,0.08374658867609436,Hub
AJZEN1991,3,430.34204357304156,0.04397105608304999,0.1286727222146808,0.12741636369610895,0.005659224317151416,0.05503387221366619,Hub
NIESS2012,3,272.2333804005264,0.03149001142551599,0.1722992701175056,0.17110581630361935,0.005442549606437589,0.10682644707369476,Hub
GRONSETH2010,3,546.5524233452668,0.05314466435031831,0.08309857125799451,0.08177649980440857,0.00438988346853451,0.0034576649819772587,Hub
HAMMONDM2009,3,310.9354022096345,0.03454513600151267,0.12177557438155329,0.12050927093108854,0.004205059751270294,0.05430386179525972,Hub
CHAIKOHT2010,3,310.82171319766496,0.03453616142917115,0.11662748461305703,0.11535375818089537,0.00402411718585553,0.04916164385894427,Hub
COHEN1988,3,576.7249695126591,0.0555264749898519,0.07154425439027778,0.07020552287704132,0.00393764162644597,-0.009655009412939354,Hub
CCSSI2010,3,287.886658327376,0.03272567591676926,0.10445762627608826,0.1031663522408832,0.003410291524192329,0.038176339692365106,Hub
ERTMER1999,3,207.08667455819216,0.026347352392201553,0.12916300489130264,0.12790735330666134,0.003404060718307508,0.06705489156931814,Hub
KOHDIVAH2011,3,244.25595618295853,0.029281482973907785,0.11495251263143534,0.1136763710730965,0.00336223507486111,0.05092467302983161,Hub
KAGAN1992,3,249.77965269571106,0.029717521717560348,0.10367771210591648,0.1023853135198837,0.003073371493016534,0.03936458355352746,Hub
BAIERTME2008,3,210.95875124535408,0.0266530128226938,0.11109041456410262,0.1098087042832755,0.00295629576091468,0.04878231547300675,Hub
GREEN1991,3,152.81894388617235,0.02206347599738647,0.1290762235865189,0.12782044687273925,0.0028486498601534294,0.06977094056289986,Hub
BANDURA1997,3,123.42276950252673,0.019742951885164915,0.13891650017576745,0.1376749120632553,0.0027455648127870306,0.08112947647860663,Hub
HOFER2012,3,177.24066538413072,0.02399131847302169,0.11202140852009157,0.1107410406305991,0.002683660175558119,0.051454787679226864,Hub
KLEINER2007,3,353.5513382212625,0.037909223647383056,0.06643174013787125,0.06508563693893632,0.0024922686534853667,-0.0032410085921389443,Hub
WANG2004,3,402.1066244438545,0.04174216159994975,0.058837802842050535,0.05748075001712049,0.002423606824344402,-0.013342738745431343,Hub
BANDURA1986,3,344.21985014136254,0.037172599118976295,0.062214564747112684,0.06086238084307238,0.0022852655399050424,-0.006976229473370447,Hub
CHAI2013,3,173.30711944344958,0.02368080568034483,0.09483679231378563,0.09353164608955072,0.0022372775111206412,0.03447333201798196,Hub
FRIEDMAN2006,3,550.6893969942416,0.05347123565782193,0.04143916057406014,0.04005702081224395,0.0021635337369714886,-0.0384154129208236,Hub
MOUZA2014,3,123.92435027148262,0.019782546502253466,0.09486204031597907,0.09355693049659851,0.001869489220360662,0.0370491108778024,Hub
LOCKELAT2013,3,2.411046215153745,0.01019032717675867,0.16884067882105963,0.16764223809726211,0.001725585105914321,0.11730369212170799,Hub
ARTINOST2009,3,2.411046215153745,0.01019032717675867,0.16884067882105952,0.167642238097262,0.0017255851059143196,0.11730369212170788,Hub
LOCKELAT2004,3,2.411046215153745,0.01019032717675867,0.16884067882105952,0.167642238097262,0.0017255851059143196,0.11730369212170788,Hub
REEVERYA2008,3,2.411046215153745,0.01019032717675867,0.16884067882105952,0.167642238097262,0.0017255851059143196,0.11730369212170788,Hub
HAYES2013,3,2.411046215153745,0.01019032717675867,0.1688406788210595,0.16764223809726198,0.0017255851059143194,0.11730369212170785,Hub
VOOGTFIS2012,3,2.411046215153745,0.01019032717675867,0.1688406788210595,0.16764223809726198,0.0017255851059143194,0.11730369212170785,Hub
BOBKO2001,3,2.411046215153745,0.01019032717675867,0.16884067882105946,0.16764223809726195,0.0017255851059143192,0.11730369212170783,Hub
PALLANT2013,3,2.411046215153745,0.01019032717675867,0.16884067882105946,0.16764223809726195,0.0017255851059143192,0.11730369212170783,Hub
STIPEK2002,3,2.411046215153745,0.01019032717675867,0.16884067882105946,0.16764223809726195,0.0017255851059143192,0.11730369212170783,Hub
ZIMMERMA2011,3,2.411046215153745,0.01019032717675867,0.16884067882105946,0.16764223809726195,0.0017255851059143192,0.11730369212170783,Hub
AIKENWES1991,3,2.411046215153745,0.01019032717675867,0.16884067882105944,0.16764223809726192,0.001725585105914319,0.1173036921217078,Hub
ROVALBAK2013,3,2.411046215153745,0.01019032717675867,0.16884067882105944,0.16764223809726192,0.001725585105914319,0.1173036921217078,Hub
BANDURAL2003,3,2.411046215153745,0.01019032717675867,0.16884067882105938,0.16764223809726186,0.0017255851059143183,0.11730369212170774,Hub
SAHINCEL2013,3,2.411046215153745,0.01019032717675867,0.16884067882105938,0.16764223809726186,0.0017255851059143183,0.11730369212170774,Hub
TABACHNI2013,3,2.411046215153745,0.01019032717675867,0.16884067882105938,0.16764223809726186,0.0017255851059143183,0.11730369212170774,Hub
DECI1975,3,2.411046215153745,0.01019032717675867,0.16884067882105935,0.16764223809726184,0.001725585105914318,0.11730369212170771,Hub
LOCKELAT1990,3,2.411046215153745,0.01019032717675867,0.16884067882105935,0.16764223809726184,0.001725585105914318,0.11730369212170771,Hub
SAHINAKT2009,3,2.411046215153745,0.01019032717675867,0.16884067882105935,0.16764223809726184,0.001725585105914318,0.11730369212170771,Hub
YURDAKUL2012,3,2.411046215153745,0.01019032717675867,0.16884067882105935,0.16764223809726184,0.001725585105914318,0.11730369212170771,Hub
BROPHY2010,3,2.411046215153745,0.01019032717675867,0.16884067882105933,0.1676422380972618,0.0017255851059143176,0.11730369212170769,Hub
LOCKELAT1984,3,2.411046215153745,0.01019032717675867,0.16884067882105933,0.1676422380972618,0.0017255851059143176,0.11730369212170769,Hub
PINTRICH1993,3,2.411046215153745,0.01019032717675867,0.16884067882105933,0.1676422380972618,0.0017255851059143176,0.11730369212170769,Hub
WANG2009,3,2.411046215153745,0.01019032717675867,0.16884067882105933,0.1676422380972618,0.0017255851059143176,0.11730369212170769,Hub
DECIRYAN2000,3,2.411046215153745,0.01019032717675867,0.1688406788210593,0.16764223809726178,0.0017255851059143174,0.11730369212170766,Hub
HAYES2005,3,2.411046215153745,0.01019032717675867,0.1688406788210593,0.16764223809726178,0.0017255851059143174,0.11730369212170766,Hub
LATHAM2009,3,2.411046215153745,0.01019032717675867,0.1688406788210593,0.16764223809726178,0.0017255851059143174,0.11730369212170766,Hub
LATHAM2012,3,2.411046215153745,0.01019032717675867,0.16884067882105927,0.16764223809726175,0.0017255851059143172,0.11730369212170763,Hub
VOGT2007,3,2.411046215153745,0.01019032717675867,0.16884067882105927,0.16764223809726175,0.0017255851059143172,0.11730369212170763,Hub
TEO2009,3,358.72153649154507,0.03831735735874897,0.044534729053294565,0.043157052762240584,0.0016703678921627847,-0.02540505108158652,Hub
KOEHLER2007,3,78.03011695009388,0.01615967117009955,0.10191547563263088,0.10062053609457997,0.001642418965906611,0.04647290047462251,Hub
CRESWELL1998,3,118.05441993654466,0.019319176177206597,0.08091513292359877,0.07958991319103531,0.0015531429847133237,0.023405374787931376,Hub
KOEHLER2012,3,115.01996819364624,0.019079637577902125,0.0813236122080661,0.0799989814578997,0.001541769265472766,0.02397057802563209,Hub
ANGELI2005,3,214.9465745166984,0.02696781024958554,0.054005487964922584,0.05264146747110957,0.0014339647535561743,-0.00850857499735491,Hub
ANGELIVA2009,3,148.1663656327631,0.021696203035941518,0.06597090405576424,0.06462413638166346,0.0014162609938979246,0.00690591829780726,Hub
HUGHES2005,3,269.77791536283047,0.03129617784185551,0.045676344853747726,0.04430031464766365,0.0014004348744075135,-0.019669657854681374,Hub
BARAN2017,3,83.89551228467366,0.01662268350374445,0.07863863857835345,0.07731013639023505,0.001298082756410297,0.02289312634241549,Hub
TONDEUR2017,3,83.89551228467366,0.01662268350374445,0.0786386385783534,0.07731013639023501,0.0012980827564102963,0.02289312634241545,Hub
PRENSKY2001,3,92.37973255333242,0.017292424996289642,0.0719912969873389,0.07065321006057333,0.0012341063997167285,0.015807590094419205,Hub
ZHAOPUGH2002,3,171.09626860792415,0.02350628185947594,0.053089047311933826,0.05172370541105541,0.0012281131295038073,-0.007160226530332129,Hub
GREENHOW2009,3,171.09626860792415,0.02350628185947594,0.0530890473119338,0.05172370541105538,0.0012281131295038066,-0.007160226530332157,Hub
CASSIDYE2002,3,171.09626860792415,0.02350628185947594,0.05308904731193377,0.05172370541105535,0.001228113129503806,-0.007160226530332185,Hub
NCATE2010,3,178.55839593009037,0.024095339678822242,0.0509650775923163,0.049596673159690664,0.0012071198855780532,-0.00966960165183082,Hub
NUNNALLY1978,3,178.55839593009037,0.024095339678822242,0.05096507759231629,0.04959667315969066,0.001207119885578053,-0.009669601651830827,Hub
VYGOTSKY1978,3,111.5452128113777,0.01880534155749507,0.06373051671729281,0.06238051864998692,0.00118493632297646,0.006556947376012596,Hub
SCHUNKPI2008,3,53.76404791690012,0.014244115847646208,0.07904904221577584,0.07772113178476076,0.0011182513181336466,0.024859765706268567,Hub
ISTE2017,3,91.15797933753295,0.017195980208629644,0.06531139085404129,0.06396367223412461,0.001111028325059879,0.009190785308606793,Hub
FULLAN2007,3,71.73389954545439,0.0156626498872423,0.07071758436612893,0.06937766088524339,0.0010976141539812039,0.015600197468036477,Hub
COXGRAHA2009,3,71.73389954545439,0.0156626498872423,0.07071758436612889,0.06937766088524334,0.0010976141539812032,0.015600197468036436,Hub
ISTE2008,3,217.14099229925984,0.027141036850784186,0.04127081674508857,0.03988843424990574,0.0010935489534310847,-0.021356583933214084,Hub
NIESS2008,3,35.65319350832931,0.012814451096051732,0.08200567810079692,0.08068203081495721,0.0010443393315236445,0.028751794518854987,Hub
WILSON2013,3,140.7389262233215,0.021109883468751076,0.04932941771856356,0.04795865484351536,0.0010226278940047107,-0.009351954205568771,Hub
WILLISME1996,3,87.53295601966266,0.016909822087960606,0.06072883038843815,0.059374504218150194,0.0010141538413028144,0.004795450751693556,Hub
ERTMER2003,3,115.94681038649372,0.019152802188666017,0.05252235271679756,0.05115619370436969,9.896812714594693e-4,-0.004878551191304853,Hub
LU2012,3,69.28282131865672,0.015469162596957697,0.06145402237204759,0.060100741849186776,9.390991392554043e-4,0.0064632292384752075,Hub
BRINKERH2006,3,152.5970940994446,0.0220459632498883,0.04304472287625148,0.04166489815945555,9.2782102387242e-4,-0.016249102006475613,Hub
KOEHLER2014,3,49.49527771541333,0.013907140564644961,0.06445828014078321,0.06310933142863917,8.865357001200515e-4,0.010489477904095601,Hub
HARRIS2017,3,45.36545622132699,0.013581133845841108,0.06147927037424109,0.060126026256234616,8.248278890954334e-4,0.00772376596053457,Hub
PIERSON2005,3,75.59869621687736,0.015967735635742285,0.046156432189232155,0.04478109421651317,7.222754282106567e-4,-0.009160564478304215,Hub
STAKE1995,3,63.08945064433205,0.014980260000377239,0.04902975148426457,0.047658556523321904,7.21149058547512e-4,-0.005641165237303075,Hub
BLACKWELL2013,3,30.082482568687798,0.012374701049363807,0.058286335376007026,0.05692848739538021,7.115889017275816e-4,0.005320168955105578,Hub
ARCHAMBA2009,3,39.694081063663084,0.013133437399662206,0.051804994452178274,0.050437801087688215,6.691128314765328e-4,-0.0016575936753955452,Hub
POLLY2010,3,30.215988634759448,0.012385239973286489,0.05394625352768536,0.052582147624300406,6.578207238765016e-4,9.731917595422379e-4,Hub
PAMUK2011,3,1.4347407661923066,0.010113257953204577,0.05958041649355272,0.05822443443618712,5.947865905379877e-4,0.008093854207732329,Hub
OZGUNKOC2009,3,1.4347407661923066,0.010113257953204577,0.05958041649355268,0.058224434436187085,5.947865905379874e-4,0.008093854207732294,Hub
CRESWELL2009,3,1.4347407661923066,0.010113257953204577,0.059580416493552675,0.05822443443618708,5.947865905379873e-4,0.008093854207732287,Hub
HOFERGRA2012,3,1.4347407661923066,0.010113257953204577,0.059580416493552675,0.05822443443618708,5.947865905379873e-4,0.008093854207732287,Hub
BIELEFEL2001,3,1.4347407661923066,0.010113257953204577,0.05958041649355266,0.058224434436187064,5.947865905379871e-4,0.008093854207732273,Hub
STRAUSSC1998,3,1.4347407661923066,0.010113257953204577,0.059580416493552654,0.05822443443618706,5.947865905379871e-4,0.008093854207732266,Hub
PIERSONT2005,3,1.4347407661923066,0.010113257953204577,0.05958041649355263,0.058224434436187036,5.947865905379869e-4,0.008093854207732246,Hub
KLEINERT2007,3,1.4347407661923066,0.010113257953204577,0.059580416493552626,0.05822443443618703,5.947865905379868e-4,0.008093854207732239,Hub
NIESSRON2009,3,1.4347407661923066,0.010113257953204577,0.05958041649355262,0.05822443443618702,5.947865905379867e-4,0.008093854207732232,Hub
HARRISMI2009,3,53.6398930247233,0.01423431510224354,0.04167431811692673,0.04029251742653607,5.793296861736903e-4,-0.012508546016585197,Hub
GUBA1981,3,15.274619587115094,0.011205773329356487,0.051287439869973105,0.04991950024845109,5.650369742413109e-4,-9.139271663799898e-4,Hub
GREENE2007,3,15.274619587115094,0.011205773329356487,0.05128743986997309,0.04991950024845108,5.650369742413107e-4,-9.139271663800037e-4,Hub
USDOE2010,3,842.6992595970079,0.07652239593237826,0.03694413814309021,0.0355555170511627,0.002748276114514645,-0.05799221747515333,Gatekeeper
LEE2010,3,502.6677595286519,0.04968042375852732,0.039162666228814855,0.037777244011443736,0.0018957469605230437,-0.03821167640329072,Gatekeeper
FOULGER2012,3,380.7157751088874,0.040053575152785875,0.03057066636910851,0.029172855428819464,0.0011802799569086645,-0.040505076475522504,Gatekeeper
KAY2006,4,5429.400897795913,0.48857773416552147,0.27397309960104427,0.27397309960104427,0.13520924871250803,0.01841607790254044,Hub
ERTMER2010,4,4248.830618587263,0.38451567282903143,0.17006606247494435,0.17006606247494432,0.06605360246256294,-0.037519718345373924,Hub
ISTE2008,4,2455.5260356215035,0.226443786051836,0.20737476355620288,0.20737476355620285,0.04743305716289987,0.07265804240344594,Hub
ERTMER2005,4,3572.0578683977187,0.32486114087833967,0.11159371046694358,0.11159371046694357,0.03661864656276606,-0.06849211614404387,Hub
HARGRAVE2000,4,1143.2804996562197,0.1107751317945993,0.1816196772579847,0.18161967725798467,0.020322165338127113,0.10022468358367193,Hub
MISHRA2006,4,2849.3239984499237,0.26115533900529925,0.0739186995519854,0.07391869955198539,0.019499255596292533,-0.07679959072789184,Hub
OTTENBREITLEFTWICH2010,4,1655.2290122720065,0.1559011344216173,0.12078633904318616,0.12078633904318614,0.019020936645926065,0.0185888519905183,Hub
LINCOLNG1985,4,1122.967996386109,0.10898467425181854,0.15546286277718416,0.15546286277718413,0.01711421157376422,0.07489324646868357,Hub
ANDERSON2007,4,1620.9308606738425,0.15287790368457993,0.10087664354213703,0.10087664354213702,0.015577585651978308,7.282607523490406e-5,Hub
IRVING2009,4,949.5866254261176,0.09370187137494329,0.15891705178071724,0.15891705178071722,0.015041237520446431,0.08539260648540446,Hub
USDOE2010,4,3185.6852687705236,0.290804100929735,0.04682142215274565,0.04682142215274564,0.013753395528667448,-0.11756455721333993,Hub
BELLAND2009,4,568.7470118657798,0.06013253973613044,0.16436368676255578,0.16436368676255575,0.009983440328713416,0.10631426159929666,Hub
USDOE2016,4,1497.5504778366997,0.14200246730215238,0.06596339142979066,0.06596339142979064,0.009461580136008004,-0.029826992979410986,Hub
POPE2002,4,900.0626699079559,0.08933655319989059,0.10012614524680843,0.10012614524680842,0.009035277476304518,0.028614054185073987,Hub
SHULMAN1986,4,1199.9584565326577,0.11577104362532602,0.07240171477552945,0.07240171477552944,0.008466688969521444,-0.011296328509371139,Hub
KOEHLER2009,4,1546.4019120950124,0.14630850569537,0.0464218334082181,0.04642183340821809,0.006860514219793731,-0.05135357803522434,Hub
VYGOTSKY1978,4,1075.015922905376,0.10475791054308893,0.0415915693847882,0.04159156938478819,0.004401056469654867,-0.03702956447581048,Hub
BANDURA1977,4,395.7863792485257,0.04488682308783439,0.0906710401455782,0.09067104014557818,0.004111045392125755,0.03964968973216568,Hub
TEO2008,4,425.68348171042436,0.047522120761310356,0.07707146878811813,0.07707146878811812,0.0036995956030308193,0.024835280826261737,Hub
BAKIR2015,4,381.6397905740658,0.04363986371212443,0.07010021158578378,0.07010021158578376,0.003090064323024939,0.019653693035292647,Hub
DARLINGHAMMOND2005,4,970.3715569864886,0.095533971387117,0.030626884634083872,0.030626884634083855,0.002955462545766768,-0.04374213465743989,Hub
STAKE1995,4,878.8955182635589,0.08747076217369729,0.03269074539941661,0.0326907453994166,0.0028883680970840987,-0.03796124055199853,Hub
BRUSH2003,4,450.25224025504394,0.04968774842758143,0.055389709009048195,0.05538970900904818,0.0027799898249682093,0.002155195191477434,Hub
YIN1994,4,554.2857591232689,0.05885784411114623,0.03964872566092974,0.03964872566092972,0.0023572106203602074,-0.01781308159348593,Hub
BAKIR2016,4,215.57645365605526,0.029002113248265717,0.07711243283425234,0.07711243283425233,0.0022590136463719896,0.03341372462307371,Hub
USDOE2017,4,335.68083891943235,0.03958878489854371,0.05578456241876246,0.055784562418762444,0.0022307505477331025,0.007205537891423549,Hub
ANGELI2009,4,499.09016845832303,0.05399259632163766,0.03986616629807933,0.03986616629807931,0.0021742200240641137,-0.015352825749285134,Hub
BANAS2014,4,292.39154913156,0.0357730249997444,0.054851196645732896,0.05485119664573288,0.001982013362498685,0.008031187218495951,Hub
ERTMER2012,4,356.3019359381783,0.04140644361872499,0.04536618231789333,0.045366182317893314,0.0018974265356996446,-0.0040507589600872985,Hub
ISTE2016,4,282.7626142578728,0.03492427687430255,0.04231560191618674,0.042315601916186725,0.0014927694923471443,-0.004113145794267336,Hub
JIMOYIANNIS2010,4,330.19038225451686,0.03910482536788979,0.03735932651538521,0.0373593265153852,0.001475686807319306,-0.010996599036956246,Hub
KIM2013,4,330.19038225451686,0.03910482536788979,0.037359326515385184,0.03735932651538517,0.0014756868073193049,-0.010996599036956274,Hub
HUTCHISON2011,4,320.57320529926204,0.038257113651080824,0.03676265404190318,0.03676265404190317,0.0014206394280772275,-0.011202487564396615,Hub
CRESWELL2009,4,323.89811322370554,0.03855018961484602,0.036315379094285845,0.03631537909428583,0.0014141058081007414,-0.0117848666745956,Hub
CHAI2010,4,476.16528809811155,0.05197186926439281,0.025512494148058694,0.025512494148058677,0.0013393252631025174,-0.028774969317542334,Hub
NIESS2005,4,315.48180259659443,0.03780832896653929,0.03285827167098261,0.0328582716709826,0.0012548649945539683,-0.01489998610149644,Hub
WANG2004,4,193.71368378792067,0.02707500654477627,0.04377487529037185,0.043774875290371836,0.0011971768030137199,9.645379098663686e-4,Hub
HUR2015,4,153.64710558019786,0.02354331445289155,0.04768274056042704,0.047682740560427025,0.001133949247464424,0.006500466759207749,Hub
COFFEY1996,4,117.893413416259,0.020391784236948998,0.05295093959161669,0.052950939591616675,0.0010906708437333006,0.013221479747589757,Hub
ZEICHNER2010,4,271.140311861987,0.033899822196684706,0.03176189395017065,0.031761893950170636,0.0010875985429704446,-0.01419459363514638,Hub
DAVIS1989,4,154.90335106188496,0.023654046949441135,0.044885806509647234,0.04488580650964722,0.0010724555298411373,0.0036524864846956846,Hub
HARRIS2009,4,124.66966012117746,0.020989080486614957,0.044086193016137115,0.0440861930161371,9.346754076405493e-4,0.004081387461095378,Hub
CULLEN2011,4,69.25292323915345,0.01610433963378673,0.055240338737161214,0.0552403387371612,8.985951277865349e-4,0.017487334434843346,Hub
KIM2008,4,98.81829232327296,0.01871039647364714,0.04737142283466181,0.047371422834661794,8.952910128861653e-4,0.008417060623403989,Hub
POLLY2010,4,98.81829232327296,0.01871039647364714,0.04737142283466181,0.047371422834661794,8.952910128861653e-4,0.008417060623403989,Hub
HERMANS2008,4,140.47060374286224,0.022381863951769068,0.03935136823415655,0.03935136823415654,8.896535051847057e-4,-0.0012954921700776955,Hub
LAMBERT2010,4,215.91960792295342,0.029032360782867188,0.03006257108578703,0.030062571085787013,8.81603444265818e-4,-0.013650080840802414,Hub
ERTMER1999,4,45.62502264602126,0.014021644444794548,0.06208192541139731,0.062081925411397294,8.792835197645136e-4,0.02528901618411279,Hub
MIMS2006,4,45.62502264602126,0.014021644444794548,0.06208192541139728,0.06208192541139727,8.792835197645131e-4,0.02528901618411276,Hub
HEROLD2016,4,43.665894680487675,0.013848955958470764,0.061926672278061506,0.06192667227806149,8.662825828621476e-4,0.025213370170489333,Hub
KARCHMERKLEIN2007,4,78.2178334023517,0.01689455691073207,0.047216169701325986,0.04721616970132597,8.0575380416751e-4,0.009098885633149239,Hub
LINCOLN1985,4,151.68188564894706,0.02337008898666806,0.033105119758808026,0.03310511975880801,7.814844390683296e-4,-0.007997299382031505,Hub
MERRIAM1998,4,100.2798784598549,0.018839228842945394,0.03817652094191054,0.03817652094191053,7.264810246991411e-4,-8.372312962325783e-4,Hub
GRAHAM2011,4,75.90506274022071,0.016690696381004663,0.035597009361277694,0.03559700936127768,6.001402781018854e-4,-0.0024262976853841167,Hub
SCHMIDT2009,4,75.90506274022071,0.016690696381004663,0.03559700936127769,0.03559700936127767,6.001402781018853e-4,-0.0024262976853841236,Hub
KYEIBLANKSON2009,4,143.55307444234336,0.02265357014380734,0.02461593610394859,0.024615936103948573,5.632715506932107e-4,-0.016156177279315315,Hub
GRONSETH2010,4,76.2270898310004,0.016719081648246176,0.03279380203304275,0.03279380203304274,5.538204583301646e-4,-0.005242590248283314,Hub
WETZEL2014,4,76.2270898310004,0.016719081648246176,0.032793802033042746,0.03279380203304273,5.538204583301645e-4,-0.005242590248283321,Hub
SADAF2016,4,141.294077203337,0.022454449504075484,0.023670617589678363,0.023670617589678346,5.368794822199125e-4,-0.017009703798984283,Hub
MILES2014,4,512.6906879635726,0.055191422109385,0.02173775829266685,0.02173775829266683,0.0012118563572145044,-0.03403387666697906,Gatekeeper
BELL2013,4,310.7575257197097,0.03739190480375037,0.022382337745968525,0.022382337745968508,8.453719619016596e-4,-0.025183953967371553,Gatekeeper
MERRIAM2009,4,241.54663588304214,0.03129127022893785,0.019454917492992538,0.01945491749299252,6.149182631867869e-4,-0.025299061962263367,Gatekeeper
BUSS2015,4,219.2641316879783,0.029327165796432887,0.019960056825307528,0.01996005682530751,5.912847432545608e-4,-0.023888496333068283,Gatekeeper
ANGELI2008,4,285.3244351252429,0.03515009008079125,0.011732220319260488,0.01173222031926047,4.1655414249464144e-4,-0.03480062430781476,Gatekeeper
HALL2006,4,158.7915149106988,0.023996771437806878,0.01223735965157546,0.012237359651575443,2.9662335612231906e-4,-0.029153951852452058,Gatekeeper
STREET1995,4,211.25366317470034,0.02862107833985087,0.0037704361452992096,0.0037704361452991922,1.0900398817173083e-4,-0.039752619987304304,Gatekeeper
POLLY2010,5,207.9,0.42276742301458675,0.3625393789146529,0.36253937891465293,0.15481801915662285,-0.08861106146125082,Hub
MISHRA2006,5,142.55,0.29302066450567266,0.45269899654513385,0.4526989965451339,0.13399006140273367,0.0943909670738832,Hub
CRESWELL2013,5,89.75,0.18819084278768236,0.3196422157228811,0.31964221572288115,0.060761351482233515,0.03634687631690487,Hub
KOEHLER2009,5,89.75,0.18819084278768236,0.31964221572288104,0.3196422157228811,0.0607613514822335,0.036346876316904815,Hub
CORBIN2015,5,50.899999999999984,0.11105753646677469,0.41123733267512486,0.4112373326751249,0.04613232835360286,0.18313598965240455,Hub
SHULMAN1986,5,50.899999999999984,0.11105753646677469,0.41123733267512486,0.4112373326751249,0.04613232835360286,0.18313598965240455,Hub
SHULMAN1987,5,31.25,0.07204416531604539,0.2685289118034574,0.26852891180345745,0.019541354862733396,0.06834422332207497,Hub
